rank,athlete,best_sprint_time,race,date,score
1,"Ciarán Reynolds","01:00:55","Galco Naas Duathlon Race 1 - Duathlon National Series","25th Feb 2024","793.43"
2,"Philip Sheridan","01:06:42","Pheonix Park Irish National Sprint Duathlon Championships","21st Apr 2024","772.63"
3,"Ross Murphy","01:08:27","Galco Naas Duathlon - Duathlon National Series","9th Mar 2025","687.38"
4,"Matthew Carroll","01:09:48","Pulse Port Beach - Triathlon National Series","20th Sep 2025","785.21"
5,"Darragh Ryan","01:15:12","Carrick-on-Suir Sprint Triathlon","27th Jul 2025","659.27"
6,"Andy Mc Namara","01:17:06","Galco Naas Duathlon Race 1 - Duathlon National Series","25th Feb 2024","626.89"
7,"Daniel Eckersall","01:19:04","TriLaois","12th Apr 2025","715.27"
8,"Arron Murphy","01:37:44","Pulse Port Beach - Irish National Series","28th Sep 2024","571.11"
9,"Brian Smyth","01:39:53","TriLaois","12th Apr 2025","566.20"
